,x0,x1,x2
0,0.0,0.0,1.0
1,0.019996000133331554,0.0003999733338666616,0.9999755001000415
2,0.039968004266439115,0.0015995733674653665,0.9999020016006562
3,0.05989203239611225,0.0035978403887666757,0.9997795081032559
4,0.07974413650420956,0.006393175517533815,0.9996080256099974
5,0.09950041652780259,0.009983341664682815,0.9993875625234886
6,0.11913703630246394,0.014365464874670324,0.9991181296463766
7,0.1386302394697692,0.01953603605019311,0.9987997401808185
8,0.15795636534010032,0.025490913058279357,0.9984324097278344
9,0.17709186470186186,0.03222532321664835,0.9980161562865429
10,0.19601331556824833,0.03973386615901225,0.9975510002532796
11,0.21469743885273318,0.04801051707779124,0.9970369644205967
12,0.23312111396448712,0.0570486303425123,0.9964740739761475
13,0.25126139431497346,0.06684094349196033,0.9958623565014509
14,0.26909552272701587,0.07737958159795186,0.995201841970541
15,0.28660094673768177,0.08865606199840186,0.9944925627484974
16,0.3037553337863811,0.10066129939715769,0.9937345535898603
17,0.3205365862796377,0.1133856113278769,0.9929278516369265
18,0.3369228565240565,0.12681872397903238,0.9920724964179307
19,0.3528925615190739,0.14094977837693343,0.9911685298451072
20,0.3684243976011541,0.15576733692346023,0.9902159962126371
21,0.3834973549311695,0.1712593902850195,0.9892149421944781
22,0.3980907318167839,0.1874133646290398,0.9881654168420767
23,0.4121841488617416,0.20421612920413906,0.9870674715819652
24,0.42575756293405637,0.22165400425991177,0.9859211602132415
25,0.4387912809451864,0.2397127693021015,0.9847265389049334
26,0.45126597343237795,0.2583776716787431,0.9834836661932461
27,0.4631626879364651,0.27763343549268116,0.9821926029786937
28,0.47446286216751304,0.2974642708356947,0.9808534125231153
29,0.4851483369508085,0.31785388333928677,0.9794661604465754
30,0.49520136894580696,0.3387854840370212,0.9780309147241483
31,0.504604643130771,0.3602417995331291,0.976547745682587
32,0.5133412850459473,0.38220508247193097,0.9750167259968777
33,0.521394872788261,0.4046571223024663,0.9734379306866789
34,0.528749448750631,0.42757925633255867,0.971811437112645
35,0.5353895310991419,0.45095238106638386,0.9701373249726354
36,0.5413001249814444,0.47475696381946064,0.9684156762978101
37,0.546466733459895,0.4989730546048273,0.9666465754486098
38,0.5508753681630879,0.523580298284019,0.9648301091106221
39,0.5545125596495764,0.54855794697632,0.962966366290334
40,0.5573653674777324,0.5738848727196183,0.9610554383107709
41,0.5594213899758431,0.5995395803760547,0.9590974188070215
42,0.5606687737066988,0.6255002207755219,0.9570924037216496
43,0.5610962226210846,0.651744604089938,0.9550404912999932
44,0.5606930068947507,0.6782502134310928,0.9529417820853506
45,0.559448971443598,0.7049942186647349,0.9507963789140532
46,0.5573545441119858,0.7319534904334567,0.9486043869104273
47,0.5544007435292324,0.7591046143808073,0.9463659134816423
48,0.5505791866295584,0.7864239055689582,0.9440810683124485
49,0.545882095830893,0.813887423082131,0.941749963359802
50,0.5403023058681398,0.8414709848078965,0.9393727128473789
51,0.5338332702766825,0.8691501823883503,0.9369494332599789
52,0.5264690675220896,0.896900396333072,0.9344802433378168
53,0.5182044067721592,0.9246968112856855,0.9319652640707048
54,0.5090346333076392,0.9525144314357433,0.9294046186921237
55,0.4989557335681351,0.9803280960675791,0.9267984326731847
56,0.4879643398299176,1.0081124952376859,0.9241468337164814
57,0.47605773451252814,1.0358421855721072,0.921449951749832
58,0.46323385411127677,1.0634916061752497,0.9187079189199134
59,0.44949129275292055,1.091035094641464,0.9159208695857857
60,0.4348293053720083,1.1184469031606714,0.9130889403123083
61,0.4192478105055774,1.1457012147092624,0.9102122698634492
62,0.4027473927040825,1.1727721593174283,0.9072909991954848
63,0.38532930455664455,1.19963383040405,0.9043252714500934
64,0.36699546832890306,1.226260301170208,0.9013152319473411
65,0.34774847721196356,1.2526256410423509,0.8982610281785611
66,0.32759159618113226,1.2787039321561102,0.8951628097991272
67,0.3065287624633356,1.3044692858717282,0.89202072862112
68,0.2845645856123302,1.3298958593120302,0.8888349386058886
69,0.26170434719101127,1.3549578719138566,0.8856055958565062
70,0.23795400006033715,1.3796296219838444,0.8823328586101215
71,0.21332016727459388,1.403885503249442,0.8790168872302048
72,0.18781014058292958,1.4277000213960285,0.87565784419869
73,0.1614318785373016,1.4510478105810014,0.8722558941080137
74,0.13419400420717834,1.4739036499157072,0.8688112036530499
75,0.10610580250155435,1.4962424799060816,0.8653239416229412
76,0.07717721709904035,1.518039418842886,0.8617942788928298
77,0.047418846986997824,1.5392697791324377,0.8582223884154829
78,0.01684194261089713,1.5599090835587475,0.8546084452128195
79,-0.014541598364717172,1.5799330814680095,0.8509526263673333
80,-0.046719235682062106,1.5993177648664083,0.8472551110134161
81,-0.0796777915009563,1.618039384422249,0.8435160803285807
82,-0.11340345579266196,1.636074465363445,0.8397357175245824
83,-0.14788179211452226,1.653399823261451,0.8359142078384423
84,-0.18309774376298388,1.6699925796927677,0.8320517385233702
85,-0.21903564030239228,1.6858301777691966,0.82814849883959
86,-0.2556792044667451,1.7008903975280862,0.8242046800450651
87,-0.29301155943139356,1.7151513711738628,0.8202204753861273
88,-0.3310152364514686,1.7285915981622082,0.8161960800880078
89,-0.36967218286363474,1.7411899601183194,0.812131691345271
90,-0.40896377044755633,1.7529257355807513,0.8080275083121519
91,-0.4488708041432775,1.7637786145624306,0.8038837320927981
92,-0.48937353112052345,1.7737287129205046,0.7997005657314152
93,-0.5304516501957384,1.7827565865267805,0.795478214202318
94,-0.5720843215924863,1.7908432452305991,0.7912168843998867
95,-0.6142501770406563,1.7979701666060874,0.7869167851284287
96,-0.6569273302097245,1.8041193094758237,0.7825781270919481
97,-0.7000933874711482,1.8092731272030689,0.7782011228838206
98,-0.7437254589847828,1.8134145807448097,0.7737859869763766
99,-0.7878001701040337,1.8165271514579835,0.7693329357103922
100,-0.8322936730942848,1.8185948536513634,0.7648421872844884
101,-0.877181659158967,1.8196022468757072,0.7603139617444395
102,-0.9224393707674604,1.8195344479448945,0.7557484809723913
103,-0.9680416142788606,1.8183771426809066,0.7511459686759877
104,-1.0139627728554677,1.8161165973756344,0.7465066503774106
105,-1.060176819659701,1.8127396699626348,0.7418307534023282
106,-1.1066573313279795,1.8082338208920976,0.7371185068687568
107,-1.1533775017149548,1.8025871237024218,0.7323701416758338
108,-1.2003101559013234,1.7957882752819556,0.7275858904925034
109,-1.2474277644583125,1.7878266058145957,0.7227659877461166
110,-1.294702457961761,1.7786920884030983,0.7179106696109433
111,-1.342106041748604,1.7683753483641123,0.7130201739966009
112,-1.3896100109084029,1.7568676721891006,0.7080947405363958
113,-1.4371855655024464,1.7441610161654844,0.7031346105755821
114,-1.4848036260028048,1.7302480146525019,0.6981400271595356
115,-1.5324348489435964,1.7151219880064563,0.6931112350218442
116,-1.5800496427765947,1.6987769501501828,0.6880484805723165
117,-1.6276181839231916,1.6812076157817548,0.6829520118849075
118,-1.6751104330146043,1.6624094072176159,0.6778220786855634
119,-1.722496151312113,1.6423784608655085,0.6726589323399843
120,-1.769744917298989,1.6211116333227622,0.6674628258413081
121,-1.816826143435688,1.5986065070956657,0.6622340137977137
122,-1.8637090930697688,1.5748613959358644,0.656972752419945
123,-1.910362897491901,1.5498753497898947,0.6516792995087568
124,-1.9567565731292371,1.5236481593581652,0.6463539144422825
125,-2.002859038867334,1.4961803602598913,0.6409968581633251
126,-2.0486391334917227,1.4674732368006864,0.6356083931665703
127,-2.0940656332401444,1.4375288253397052,0.6301887834857247
128,-2.1391072694564035,1.4063499172534442,0.6247382946805784
129,-2.1837327463367013,1.3739400614935027,0.6192571938239922
130,-2.227910758759263,1.340303566735807,0.6137457494888116
131,-2.2716100101880023,1.305445503119017,0.608204231734706
132,-2.314799230640903,1.2693717035700314,0.6026329120949367
133,-2.3574471947137563,1.2320887647147183,0.5970320635630515
134,-2.399522739649839,1.1936040473722147,0.5914019605795077
135,-2.4409947834460652,1.1539256766313404,0.5857428790182249
136,-2.481832342986126,1.1130625415078872,0.5800550961730674
137,-2.522004552191067,1.0710242941817592,0.5743388907442566
138,-2.5614806801777585,1.0278213488131527,0.5685945428247147
139,-2.6002301494156543,0.9834648799371768,0.5628223338863406
140,-2.6382225538722435,0.9379668204365331,0.5570225467662172
141,-2.6754276771375616,0.8913398590920917,0.5511954656527532
142,-2.711815510518139,0.8435974377114039,0.5453413760717569
143,-2.747356271090723,0.7947537478354382,0.5394605648724466
144,-2.7820204197061673,0.7448237270239991,0.5335533202133944
145,-2.8157786789338126,0.6938230547205491,0.5276199315484069
146,-2.848602050936761,0.6417681476973415,0.521660689612341
147,-2.8804618352684117,0.5886761550820053,0.5156758864068598
148,-2.911329646580659,0.5345649529669294,0.5096658151861225
149,-2.941177432234192,0.4794531386030182,0.5036307704424167
150,-2.9699774898013365,0.4233600241796016,0.49757104789172696
151,-2.99770248445193,0.36630563019250184,0.49148694445924623
152,-3.024325466212757,0.3083106784024697,0.485378758264825
153,-3.0498198870911026,0.2493965843864235,0.47924678860836506
154,-3.0741596180530486,0.1895854496841325,0.47309133595515224
155,-3.0973189658471663,0.12890005354320053,0.4669127019211353
156,-3.1192726896643364,0.0673638442654194,0.46071118925814536
157,-3.1399960176244743,0.005000930157768641,0.4544871018390625
158,-3.159464663081011,-0.05816392990845004,0.4482407446429244
159,-3.1776548407340526,-0.12210533632664851,0.44197242373998435
160,-3.19454328254321,-0.18679725896825627,0.4356824462767121
161,-3.210107253431176,-0.25221304777618625,0.42937112046074505
162,-3.2243245667692104,-0.3183254437341521,0.42303875554578513
163,-3.237173599635782,-0.38510659020732607,0.4166856618164465
164,-3.248633307839712,-0.45252804464962554,0.4103121505730504
165,-3.2586832406992543,-0.5205607906727207,0.40391853411637296
166,-3.2673035555686685,-0.5891752504716572,0.3975051257323408
167,-3.274475032103922,-0.6583412976017988,0.391072239676682
168,-3.2801790862592974,-0.7280282701015971,0.3846201911595257
169,-3.28439778400677,-0.7982049839555134,0.3781492963299588
170,-3.2871138547701673,-0.8688397468912278,0.37165987226053276
171,-3.288310704566222,-0.9399003725050856,0.365152236931729
172,-3.2879724288447725,-1.011354194709551,0.35862670921637635
173,-3.286083825020497,-1.0831680824962768,0.3520836088640272
174,-3.282630404688696,-1.1553084550081532,0.3455232564852894
175,-3.277598405517787,-1.2277412969136694,0.33894597353611744
176,-3.270974802811314,-1.3004321740765576,0.33235208230205926
177,-3.26274732073242,-1.3733462495137254,0.32574190588246654
178,-3.2529044431838994,-1.4464482996341221,0.31911576817466075
179,-3.241435424337074,-1.5197027307512256,0.3124739938580643
180,-3.2283302988029297,-1.5930735958614672,0.30581690837828934
181,-3.213579891439075,-1.666524611680974,0.2991448379311928
182,-3.1971758267863013,-1.7400191759326464,0.29245810944689116
183,-3.1791105381286235,-1.8135203848756525,0.2857570505737428
184,-3.1593772761709347,-1.8869910510690622,0.2790419896622912
185,-3.1379701173285097,-1.9603937213614258,0.272313255749178
186,-3.1148839716228345,-2.033690695097747,0.265571178541018
187,-3.090114590178358,-2.106844042535384,0.2588160883982461
188,-3.0636585723150307,-2.179815623460073,0.25204831631892716
189,-3.035513372231582,-2.252567105993349,0.24526819392253935
190,-3.005677305274784,-2.3250599855823317,0.23847605343372313
191,-2.9741495537900513,-2.397255604162902,0.2316722276660039
192,-2.9409301725490073,-2.4691151694870097,0.22485705000548248
193,-2.906020093749759,-2.5405997746049347,0.21803085439450107
194,-2.869421131585923,-2.6116704174930194,0.2111939753152784
195,-2.831135986380546,-2.682288020817499,0.20434674777352183
196,-2.7911682482813758,-2.7524134518247574,0.19748950728201042
197,-2.74952240051404,-2.8220075423484454,0.19062258984415673
198,-2.706203822190011,-2.891031108923626,0.18374633193754078
199,-2.661218790666337,-2.9594449729982144,0.17686107049742464
200,-2.6145744834544478,-3.027209981231713,0.16996714290024081
201,-2.566278979675449,-3.0942870258713784,0.16306488694706261
202,-2.5163412610596474,-3.160637065195677,0.1561546408470503
203,-2.4647712124881553,-3.226221144015034,0.1492367432008806
204,-2.411579622074768,-3.2910004142196216,0.1423115329841538
205,-2.3567781807864034,-3.354936155364082,0.13537934953078487
206,-2.3003794816007335,-3.417989795278848,0.12844053251637585
207,-2.242397018199792,-3.480122930697805,0.12149542194157249
208,-2.182845183198561,-3.54129734789199,0.11454435811540296
209,-2.1217392659078587,-3.6014750432988953,0.10758768163860437
210,-2.0590954496309375,-3.6606182441370705,0.10062573338693173
211,-1.9949308084935875,-3.7186894289955323,0.09365885449445685
212,-1.929263303807612,-3.7756513483876315,0.08668738633685107
213,-1.8621117799679385,-3.8314670452588566,0.07971167051465967
214,-1.793495959883682,-3.8860998754382154,0.0727320488365618
215,-1.7234364399438944,-3.939513528022656,0.06574886330262358
216,-1.6519546845187787,-3.991672045684172,0.058762456087538564
217,-1.5790730199975656,-4.042539844889072,0.05177316952386284
218,-1.5048146283642887,-4.092081736019071,0.044781346085239156
219,-1.4292035403131338,-4.140262943383717,0.037787328369617505
220,-1.3522646279050452,-4.18704912511387,0.03079145908246612
221,-1.2740235967677367,-4.232406392925778,0.02379408101998077
222,-1.1945069778412518,-4.276301331745526,0.016795537052286005
223,-1.1137421186716785,-4.318701019183514,0.009796170106636403
224,-1.0317571742556229,-4.359573044848779,0.0027963231506114
225,-0.9485810974385086,-4.3988855294929365,-0.0042036608246882635
226,-0.8642436288697595,-4.436607143973651,-0.01120343882144882
227,-0.7787752865183876,-4.472707128027522,-0.01820266785194852
228,-0.6922073547524975,-4.507155308842436,-0.025201004955365744
229,-0.6045718729866798,-4.539922119419383,-0.032198107214582224
230,-0.5159016239012484,-4.570978616713937,-0.03919363177298771
231,-0.4262301212377439,-4.600296499547573,-0.04618723585127807
232,-0.33559159717509673,-4.6278481262791535,-0.05317857676425322
233,-0.24402098929131286,-4.653606532226945,-0.06016731193760684
234,-0.1515539271155076,-4.67754544683169,-0.06715309892471419
235,-0.05822671827558979,-4.699639310551273,-0.0741355954234102
236,0.0359236657531781,-4.719863291477715,-0.08111445929276373
237,0.13085960429296262,-4.7381933016672395,-0.08808934856984155
238,0.22654284249586998,-4.754606013174372,-0.09505992148646485
239,0.3229345067580712,-4.769078873781069,-0.10202583648595517
240,0.4199951205093427,-4.781590122412035,-0.10898675223987112
241,0.5176846203716228,-4.7921188042274885,-0.1159423276647337
242,0.6159623726799918,-4.800644785384817,-0.12289222193873901
243,0.7147871903592503,-4.807148767460637,-0.12983609451845798
244,0.8141173501490818,-4.811612301524951,-0.1367736051555233
245,0.9139106101706213,-4.8140178018592295,-0.1437044139133021
246,1.014124227827075,-4.814348559310401,-0.15062818118355217
247,1.1147149780308105,-4.812588754272878,-0.15754456770306238
248,1.2156391717491541,-4.808723469290892,-0.16445323457027694
249,1.3168526748609979,-4.802738701273622,-0.1713538432619018
250,1.4183109273161312,-4.794621373315692,-0.17824605564949209
251,1.519968962589024,-4.784359346115846,-0.18512953401601953
252,1.621781427418598,-4.771941428986749,-0.19200394107242127
253,1.723702601825418,-4.75735739044906,-0.19886893997412716
254,1.8256864193975557,-4.740597968403072,-0.20572419433756484
255,1.927686487836199,-4.721654879871435,-0.21256936825664188
256,2.0296561097519232,-4.700520830306647,-0.21940412631920567
257,2.1315483037024228,-4.6771895224571916,-0.22622813362347885
258,2.233315825462373,-4.651655664786391,-0.2330410557944691
259,2.3349111895158914,-4.623914979438255,-0.23984255900035295
260,2.436286690761961,-4.593964209744796,-0.24663230996883403
261,2.537394426423052,-4.561801127269495,-0.25340997600347354
262,2.6381863181470786,-4.52742453838179,-0.2601752249999921
263,2.7386141342926478,-4.490834290357697,-0.2669277254625424
264,2.8386295123874494,-4.452031277001881,-0.27366714651995244
265,2.9381839817495568,-4.411017443786675,-0.28039315794193914
266,3.0372289862612933,-4.367795792503834,-0.28710543015528883
267,3.1357159072851903,-4.322370385424947,-0.29380363426000583
268,3.233596086711445,-4.274746348966735,-0.30048744204542904
269,3.330820850126245,-4.224929876857637,-0.3071565260063144
270,3.4273415300902275,-4.172928232802331,-0.31381055935888247
271,3.523109489516214,-4.118749752641061,-0.3204492160568301
272,3.6180761451352987,-4.062403846000899,-0.3270721708073072
273,3.712192991040304,-4.003900997436282,-0.33367909908685633
274,3.805411622295569,-3.9432527670563813,-0.3402696771573139
275,3.89768375860193,-3.8804717906371557,-0.346843582081673
276,3.9889612680056694,-3.815571779216138,-0.35340049173990734
277,4.079196190640235,-3.7485675181682683,-0.35994008484475587
278,4.168340762489431,-3.6794748657612857,-0.3664620409574651
279,4.256347439160746,-3.608310751189504,-0.37296604050349025
280,4.343168919657401,-3.535093172084997,-0.3794517647881547
281,4.428758170137757,-3.459841191505482,-0.38591889601226637
282,4.513068447650624,-3.3825749343984066,-0.392367117287689
283,4.5960533238350285,-3.3033155835410244,-0.398796112652871
284,4.677666708572892,-3.2220853749565417,-0.40520556708832517
285,4.757862873583208,-3.138907592806538,-0.4115951665320669
286,4.836596475946188,-3.053806563760205,-0.41796459789500157
287,4.913822581545842,-2.966807650841245,-0.42431354907626717
288,4.989496688419554,-2.877937246753358,-0.430641708978526
289,5.06357475000309,-2.7872227666857086,-0.43694876752320855
290,5.13601319825965,-2.6946926405997926,-0.4432344156657089
291,5.206768966681409,-2.600376304999607,-0.4494983454105253
292,5.275799513152223,-2.504304194187032,-0.4557402498263536
293,5.343062842659996,-2.406507731004842,-0.4619598230611258
294,5.408517529847438,-2.3070193170697486,-0.46815676035699877
295,5.47212274138981,-2.205872322498397,-0.47433075806528446
296,5.5338382581884655,-2.1031010751292123,-0.48048151366133046
297,5.593624497368883,-1.99874084924352,-0.4866087257593429
298,5.651442534072101,-1.8928278537893277,-0.4927120941271556
299,5.707254123028389,-1.7853992201116944,-0.49879131970093943
300,5.761021719902196,-1.6764929891935552,-0.5048461045998576
301,5.812708502397336,-1.5661480984114227,-0.510876152140661
302,5.862278391111621,-1.4544043678103216,-0.5168811668522276
303,5.909696070130071,-1.3413024859028586,-0.5228608544900376
304,5.954927007346064,-1.2268839949972636,-0.5288149220505931
305,5.997937474499765,-1.1111912760597848,-0.5347430777857747
306,6.03869456692338,-0.9942675331167437,-0.5406450312171381
307,6.077166222982782,-0.8761567772021076,-0.5465204931501458
308,6.11332124320528,-0.7569038098563483,-0.5523691756883385
309,6.147129309083294,-0.6365542061829047,-0.558190792247442
310,6.178561001543948,-0.5151542974684776,-0.5639850575694101
311,6.207587819074607,-0.3927511533739314,-0.5697516877364011
312,6.234182195494595,-0.26939256370246695,-0.5754904001846907
313,6.258317517363418,-0.14512701975229533,-0.5812009137185167
314,6.279968141015996,-0.02000369526090658,-0.5868829485238592
315,6.299109409215515,0.10592757305140318,-0.5925362261821495
316,6.31571766741469,0.23261630533122613,-0.5981604696839132
317,6.329770279616371,0.36001139882687483,-0.6037554034423439
318,6.3412456438246,0.48806114850042037,-0.6093207533068074
319,6.350123207077351,0.616713268008442,-0.6148562465762736
320,6.356383480052433,0.7459149110431593,-0.6203616120126798
321,6.360008051238096,0.8756126930250568,-0.6258365798542209
322,6.360979600660183,1.0057527131382846,-0.6312808818285687
323,6.3592819131577505,1.1362805766995667,-0.6366942511660155
324,6.354899891199328,1.2671414178515268,-0.6420764226125469
325,6.347819567232152,1.398279922570801,-0.6474271324428386
326,6.3380281155569165,1.529640351981487,-0.6527461184731799
327,6.32551386372076,1.6611665659639512,-0.6580331200743196
328,6.3102663034214475,1.7928020470492072,-0.6632878781842367
329,6.292276100915883,1.9244899245885427,-0.6685101353208353
330,6.271535106926294,2.0561729991882993,-0.6736996355945609
331,6.248036366037685,2.1877937673991585,-0.6788561247209383
332,6.221774125580314,2.319294446649525,-0.6839793500330319
333,6.192743843991232,2.4506170004120817,-0.6890690604938261
334,6.160942198649078,2.5817031635928,-0.6941250067085276
335,6.12636709317664,2.712494468131209,-0.6991469409367829
336,6.089017664205805,2.8429322688009444,-0.7041346171048197
337,6.048894287599899,2.972957769199104,-0.7090877908175035
338,6.005998584128496,3.102512047913192,-0.7140062193703139
339,5.9603334245901785,3.2315360848539387,-0.7188896617612358
340,5.911902934378809,3.359970787742541,-0.7237378787025689
341,5.860712497489287,3.4877570187403952,-0.728550632632653
342,5.806768759958833,3.614835621209652,-0.7333276877275089
343,5.750079632740284,3.7411474465924717,-0.7380688099123925
344,5.690654294003947,3.8666333813971066,-0.7427737668732654
345,5.628503190864966,3.9912343742785756,-0.7474423280681779
346,5.563638040533339,4.114891463201714,-0.7520742647385654
347,5.496071830883974,4.23754580267443,-0.7566693499204583
348,5.425818820444452,4.359138691038719,-0.7612273584556019
349,5.3528945377984725,4.4796115978070326,-0.7657480670024893
350,5.277315780403132,4.598906191031523,-0.7702312540473072
351,5.199100612818516,4.716964364693688,-0.7746766999147869
352,5.118268364348315,4.83372826610177,-0.7790841867789704
353,5.034839626090492,4.949140323283323,-0.7834534986738833
354,4.948836247397271,5.063143272360254,-0.7877844215041166
355,4.860281331743926,5.175680184893719,-0.7920767430553187
356,4.769199232006242,5.2866944951861035,-0.7963302530045924
357,4.675615545146706,5.396130027527364,-0.8005447429308005
358,4.579557106309796,5.503931023372972,-0.8047200063247808
359,4.4810519823269646,5.610042168440767,-0.808855838599462
360,4.380129464632237,5.714408619713899,-0.81295203709989
361,4.276820061589627,5.816976032337119,-0.8170084011131581
362,4.17115549023379,5.917690586393692,-0.8210247318782409
363,4.063168667425636,6.016499013550204,-0.8250008325957349
364,3.952893700424916,6.11334862355657,-0.8289365084375004
365,3.8403658768820685,6.20818733058852,-0.8328315665562084
366,3.7256216542518747,6.300963679419961,-0.8366858160947908
367,3.6086986486317016,6.391626871412609,-0.8404990681957911
368,3.489635623027473,6.4801267903103295,-0.8442711360106195
369,3.368472475050742,6.566414027825654,-0.8480018347087076
370,3.245250224050489,6.65043990900604,-0.8516909814865656
371,3.1200109976835373,6.732156517367505,-0.8553383955767397
372,2.9927980179277878,6.811516719783303,-0.8589438982566694
373,2.863655586542739,6.888474191115371,-0.8625073128574443
374,2.7326290699819906,6.96298343857641,-0.8660284647724625
375,2.5997648837626937,7.034999825810542,-0.8695071814659844
376,2.4651104762972067,7.104479596680516,-0.8729432924815881
377,2.3287143121924943,7.171379898749602,-0.8763366294505213
378,2.1906258550230153,7.235658806446355,-0.8796870260999513
379,2.0508955495831036,7.297275343900641,-0.882994318261113
380,1.9095748036251432,7.356189507439296,-0.886258343877352
381,1.7667159690901095,7.412362287730005,-0.8894789430120662
382,1.622372322837236,7.465755691562088,-0.8926559578565425
383,1.4765980468798257,7.516332763253014,-0.8957892327376892
384,1.3294482081345158,7.5640576056695865,-0.8988786141256639
385,1.1809787376915555,7.608895400852903,-0.9019239506413969
386,1.031246409613842,7.650812430236319,-0.9049250930640077
387,0.8803088192727033,7.689776094445839,-0.9078818943381188
388,0.7282243612286996,7.725754932672473,-0.9107942095810592
389,0.5750522066659485,7.758718641606269,-0.9136618960899643
390,0.4208522803886612,7.78863809392192,-0.9164848133487693
391,0.2656852373887945,7.8154853563060085,-0.9192628230350933
392,0.10961243899400425,7.839233707016126,-0.9219957890270175
393,-0.047304071394695356,7.8598576529622655,-0.924683577409755
394,-0.2050015929660007,7.8773329463011414,-0.9273260564822128
395,-0.36341679255234194,7.891636600534199,-0.9299230967634453
396,-0.5224857300648206,7.902746906100349,-0.9324745709989981
397,-0.6821438842988198,7.9106434454545935,-0.9349803541671442
398,-0.8423261790998998,7.915307107623998,-0.9374403234850099
399,-1.0029670098793984,7.91672010223259,-0.9398543584145909
400,-1.1640002704689083,7.914865972987054,-0.9422223406686583
401,-1.325359380302608,7.909729610615263,-0.9445441542165556
402,-1.486977311916357,7.90129726524993,-0.9468196852898834
403,-1.6487866187520852,7.889556558249904,-0.9490488223880746
404,-1.8107194632561814,7.874496493451835,-0.9512314562838574
405,-1.9727076452599226,7.856107467845197,-0.9533674800286075
406,-2.134682630630217,7.834381281663899,-0.9554567889575888
407,-2.296575580178776,7.809311147887917,-0.9574992806950818
408,-2.4583173788173713,7.780891701148686,-0.9594948551594003
409,-2.6198386649467897,7.749119006032223,-0.9614434145677944
410,-2.7810698600674426,7.713990564774139,-0.9633448634412431
411,-2.941941198598557,7.675505324341093,-0.9651991086091324
412,-3.1023827578935346,7.633663682893354,-0.9670060592138195
413,-3.2623244884384515,7.588467495623526,-0.9687656267150868
414,-3.4216962442209478,7.539920079966647,-0.9704777248944785
415,-3.580427813256139,7.48802622017724,-0.9721422698595266
416,-3.738448948256579,7.432792171269105,-0.9737591800478607
417,-3.8956893974328026,7.374225662313951,-0.975328376231205
418,-4.052078935411272,7.3123358990951886,-0.9768497815192606
419,-4.207547394255953,7.247133566113566,-0.9783233213634729
420,-4.362024694580159,7.178630827941556,-0.9797489235606842
421,-4.515440876734847,7.106841329923726,-0.9811265182566723
422,-4.667726132059829,7.031780198220488,-0.9824560379495724
423,-4.818810834183833,6.953464039193163,-0.9837374174931857
424,-4.968625570359753,6.8719109381282895,-0.9849705941001711
425,-5.117101172821001,6.787140457299667,-0.9861555073451214
426,-5.264168750145197,6.6991736333666365,-0.9872920991675247
427,-5.409759718610905,6.608032974107714,-0.9883803138746092
428,-5.553805833533562,6.513742454488709,-0.989420098144072
429,-5.696239220566351,6.416327512064955,-0.9904114010266919
430,-5.836992406952107,6.315815041717374,-0.9913541739488259
431,-5.975998352711847,6.212233389722675,-0.9922483707147896
432,-6.113190481755984,6.105612347157986,-0.9930939475091202
433,-6.248502712903903,5.995983142640793,-0.9938908628987242
434,-6.381869490797943,5.883378434405049,-0.9946390778349067
435,-6.513225816697368,5.767832301714995,-0.9953385556552858
436,-6.642507279138393,5.649380235618194,-0.995989262085588
437,-6.769650084445976,5.528059129039829,-0.9965911652413287
438,-6.894591087083474,5.403907266220352,-0.9971442356293734
439,-7.0172678198258485,5.276964311499233,-0.997648446149384
440,-7.1376185237425736,5.147271297447503,-0.9981037720951457
441,-7.255582177976122,5.014870612352354,-0.9985101911557783
442,-7.3710985293022615,4.879805987057071,-0.9988676834168292
443,-7.484108121458057,4.742122481160261,-0.9991762313612491
444,-7.594552324223928,4.60186646857826,-0.9994358198702505
445,-7.7023733622459,4.459085622475174,-0.9996464362240485
446,-7.807514343584503,4.313828899565008,-0.9998080701024837
447,-7.9099192879765585,4.166146523791068,-0.9999207135855285
448,-8.009533154796477,4.016089969387641,-0.9999843611536747
449,-8.10630187070355,3.863711943329643,-0.9999990096882043
450,-8.200172356962092,3.7090663671758093,-0.999964658471342
451,-8.291092556421004,3.5522083583117983,-0.9998813091862905
452,-8.37901146013985,3.393194210599369,-0.9997489659171481
453,-8.463879133648355,3.232081374438457,-0.9995676351487086
454,-8.54564674282661,3.0689284362488696,-0.9993373257661433
455,-8.624266579393117,2.9037950973791045,-0.9990580490545659
456,-8.699692085988202,2.7367421524495597,-0.9987298186984792
457,-8.771877880840306,2.5678314671380984,-0.9983526507811054
458,-8.84077978200295,2.3971259554157496,-0.9979265637835966
459,-8.90635483115014,2.2246895562411804,-0.9974515785841305
460,-8.96856131691831,2.050587209722263,-0.9969277184568869
461,-9.027358797782986,1.8748848327537666,-0.9963550090709072
462,-9.082708124458579,1.697649294140027,-0.9957334784888369
463,-9.134571461809772,1.5189483892122513,-0.9950631571655498
464,-9.182912310263335,1.3388508139498274,-0.9943440779466568
465,-9.227695526709212,1.157426138615674,-0.9935762760668959
466,-9.268887344880076,0.9747447809154807,-0.9927597891484055
467,-9.306455395198585,0.790877978691498,-0.991894657198881
468,-9.340368724081939,0.6058977621612002,-0.9909809226096151
469,-9.370597812693424,0.41987692571184043,-0.9900186301534198
470,-9.39711459513094,0.23288899926157966,-0.9890078269824328
471,-9.419892476042628,0.04500821919901058,-0.9879485626258075
472,-9.438906347660046,-0.14369050108791565,-0.9868408889872852
473,-9.45413260623949,-0.3331316010817648,-0.9856848603426525
474,-9.465549167902354,-0.5232389033921864,-0.984480533337082
475,-9.473135483865596,-0.7139356443871884,-0.9832279669823556
476,-9.47687255505369,-0.9051445051869562,-0.9819272226539743
477,-9.476742946083654,-1.096787643007383,-0.9805783640881499
478,-9.472730798614995,-1.28878672284086,-0.9791814573786822
479,-9.464821844056699,-1.4810629494613519,-0.9777365709737208
480,-9.453003415623618,-1.6735370997406045,-0.9762437756724099
481,-9.437264459734918,-1.8661295552624912,-0.9747031446214209
482,-9.41759554674746,-2.058760335221761,-0.9731147533113671
483,-9.393988881017341,-2.251349129593759,-0.9714786795731046
484,-9.366438310283003,-2.443815332561538,-0.9697950035739195
485,-9.334939334363709,-2.6360780761861418,-0.9680638078135987
486,-9.299489113167347,-2.828056264306274,-0.9662851771203881
487,-9.260086474001943,-3.019668606653098,-0.964459198646836
488,-9.21673191818544,-3.2108336531657526,-0.962585961865522
489,-9.169427626948647,-3.401469828493397,-0.9606655585646737
490,-9.118177466626582,-3.5914954666688983,-0.9586980828436686
491,-9.062986993133713,-3.780828845939626,-0.9566836311084234
492,-9.003863455718813,-3.969388223740693,-0.95462230206667
493,-8.94081579999567,-4.157091871795447,-0.9525141967231189
494,-8.873854670245965,-4.3438581113284345,-0.9503594183745104
495,-8.802992410991072,-4.529605348375681,-0.9481580726045524
496,-8.728243067829863,-4.714252109177016,-0.9459102672787469
497,-8.64962238753977,-4.8977170756354225,-0.9436161125391054
498,-8.567147817438904,-5.079919120827794,-0.9412757207987512
499,-8.480838504007155,-5.260777344551819,-0.9388892067364109
500,-8.390715290764524,-5.440211108893697,-0.9364566872907963
501,-8.296800715405467,-5.618140073800875,-0.9339782816548736
502,-8.199119006188084,-5.794484232644464,-0.931454111270023
503,-8.097696077577474,-5.969163947755699,-0.9288842998200884
504,-7.992559525142933,-6.1420999859206935,-0.9262689732253163
505,-7.883738619708756,-6.313213553818109,-0.9236082596361871
506,-7.77126430075912,-6.482426333383735,-0.920902289427134
507,-7.655169169097529,-6.649660517086468,-0.9181511951901558
508,-7.535487478761679,-6.814838843100103,-0.9153551117283197
509,-7.41225512819516,-6.977884630355,-0.912514176049156
510,-7.285509650677442,-7.138721813454131,-0.9096285273579443
511,-7.155290204014102,-7.297274977437798,-0.9066983070508936
512,-7.021637559489602,-7.453469392381303,-0.903723658708212
513,-6.884594090084987,-7.607231047810159,-0.9007047280870736
514,-6.744203757963677,-7.758486686917019,-0.8976416631144748
515,-6.600512101228431,-7.9071638405649,-0.894534613879986
516,-6.453566219952962,-8.05319086106135,-0.8913837326283983
517,-6.303414761492316,-8.196496955687886,-0.8881891737522625
518,-6.150107905076048,-8.33701221996952,-0.8849510937843245
519,-5.993697345688796,-8.474667670669046,-0.8816696513898548
520,-5.834236277243179,-8.6093952784908,-0.878345007358874
521,-5.67177937505004,-8.741128000478941,-0.8749773245982745
522,-5.5063827775917495,-8.869799812095028,-0.8715667681238379
523,-5.338104067604346,-8.995345738960006,-0.8681135050521488
524,-5.167002252474475,-9.117701888245948,-0.8646177045924069
525,-4.993137743957921,-9.236805479702536,-0.8610795380381353
526,-4.816572337226259,-9.352594876303943,-0.8574991787587872
527,-4.637369189248814,-9.465009614501499,-0.8538768021912512
528,-4.4555927965174185,-9.573990434067818,-0.8502125858312538
529,-4.271308972121437,-9.679479307518298,-0.8465067092246638
530,-4.084584822181378,-9.78141946909576,-0.8427593539586935
531,-3.8954887216492815,-9.879755443304418,-0.838970703653001
532,-3.704090289484359,-9.97443307297952,-0.835140943950693
533,-3.5104603632131055,-10.065399546878888,-0.8312702625092292
534,-3.314670972882857,-10.152603426783093,-0.8273588489912255
535,-3.116795314418379,-10.235994674091017,-0.8234068950551617
536,-2.916907722391366,-10.315524675897665,-0.8194145943459898
537,-2.7150836422126527,-10.391146270541537,-0.815382142485646
538,-2.511399601757831,-10.462813772608715,-0.8113097370634647
539,-2.3059331824367493,-10.530482997381323,-0.8071975776264962
540,-2.098762989717616,-10.59411128471811,-0.8030458656697306
541,-1.8899686231172281,-10.65365752235505,-0.798854804626223
542,-1.6796306456684864,-10.709082168614229,-0.7946245998571261
543,-1.467830552876967,-10.760347274509355,-0.7903554586416272
544,-1.2546507411786005,-10.807416505236578,-0.7860475901667914
545,-1.0401744759103622,-10.850255161039515,-0.781701205517312
546,-0.8244858588067754,-10.88883019743754,-0.7773165176651678
547,-0.6076697950347385,-10.923110244806763,-0.7728937414591855
548,-0.38981195977941996,-10.953065627303296,-0.7684330936145147
549,-0.1709987643947276,-10.978668381118698,-0.7639347927020071
550,0.04868267786855864,-10.999892272057739,-0.7593990591375076
551,0.269144586543307,-11.016712812428871,-0.7548261151710534
552,0.4902985490213005,-11.029107277238154,-0.7502161848759834
553,0.7120555560095302,-11.037054719677528,-0.74556949413796
554,0.9343260373529214,-11.040535985898712,-0.7408862706438999
555,1.1570198982092552,-11.03953372906428,-0.7361667438708167
556,1.3800465555618506,-11.034032422667694,-0.7314111450745784
557,1.603314975054843,-11.024018373114446,-0.7266197072785743
558,1.826733708136372,-11.009479731556725,-0.7217926652622978
559,2.0502109294944413,-10.990406504974308,-0.7169302555498421
560,2.2736544747700242,-10.966790566494751,-0.7120327163983099
561,2.496971878532241,-10.938625664946176,-0.7071002877861396
562,2.720070412499595,-10.905907433636338,-0.7021332114013471
563,2.9428571239916232,-10.868633398351962,-0.6971317306296807
564,3.165238874595471,-10.826802984572574,-0.6920960905426977
565,3.3871223790302487,-10.780417523893611,-0.6870265378857545
566,3.608414244194358,-10.72948025965355,-0.6819233210659172
567,3.8290210083783824,-10.673996351760524,-0.6767866901397892
568,4.0488491806275775,-10.613972880713959,-0.6716168968012577
569,4.267805280237519,-10.549418850817172,-0.6664141943691619
570,4.485795876365937,-10.480345192577309,-0.6611788377748803
571,4.702727627744282,-10.40676476428917,-0.6559110835498383
572,4.91850732247209,-10.328692352799962,-0.6506111898129393
573,5.133041917877182,-10.246144673452338,-0.6452794162579157
574,5.346238580424982,-10.159140369203264,-0.6399160241406044
575,5.5580047256595675,-10.067700008916928,-0.6345212762661471
576,5.768248058159514,-9.971846084829979,-0.629095436976109
577,5.976876611491561,-9.871603009187774,-0.6236387721355311
578,6.183798788144541,-9.766997110050871,-0.6181515491198981
579,6.388923399426618,-9.658056626271094,-0.6126340368020391
580,6.592159705308493,-9.544811701637023,-0.6070865055389552
581,6.793417454195178,-9.427294378189124,-0.6015092271585668
582,6.992606922609339,-9.305538588704897,-0.5959024749464001
583,7.189638954768529,-9.179580148355091,-0.5902665236321911
584,7.3844250020392055,-9.049456745532202,-0.5846016493764257
585,7.576877162250348,-8.91520793185269,-0.5789081297568104
586,7.766908218849096,-8.776875111335146,-0.5731862437546666
587,7.954431679881387,-8.634501528756559,-0.5674362717412631
588,8.139361816780292,-8.488132257189388,-0.5616584954640792
589,8.32161370294476,-8.337814184722637,-0.5558531980329959
590,8.501103252091882,-8.183596000370057,-0.5500206639064251
591,8.67774725636527,-8.025528179169582,-0.5441611788773735
592,8.851463424182668,-7.863662966477927,-0.5382750300594333
593,9.022170417805953,-7.698054361464796,-0.5323625058727208
594,9.189787890616357,-7.528758099811744,-0.5264238960297373
595,9.354236524078354,-7.355831635620712,-0.5204594915211759
596,9.51543806437536,-7.1793341225378615,-0.5144695846016659
597,9.673315358700629,-6.999326394098686,-0.5084544687754463
598,9.82779239118699,-6.815870943300428,-0.5024144387819905
599,9.978794318458798,-6.629031901408714,-0.49634979058155904
600,10.126247504789905,-6.43887501600522,-0.4902608213406994
601,10.270079556851682,-6.245467628283503,-0.48414782941768775
602,10.41021935803474,-6.0488786496009945,-0.4780111143479044
603,10.546597102328754,-5.849178537294848,-0.4718509768291591
604,10.679144327744543,-5.64643926977007,-0.4656677187069593
605,10.807793949262802,-5.440734320868677,-0.4594616429597151
606,10.932480291294263,-5.232138633528593,-0.4532330536838955
607,11.053139119635809,-5.020728592741948,-0.44698225607913045
608,11.169707672907602,-4.806581997822263,-0.4407095564332502
609,11.28212469345646,-4.589778033990313,-0.4344152621072841
610,11.390330457710576,-4.37039724328931,-0.42809968152039385
611,11.494266805971263,-4.148521494839717,-0.42176312413476374
612,11.593877171627415,-3.9242339544447,-0.4154059004404395
613,11.689106609778536,-3.6976190535575406,-0.4090283219401085
614,11.779901825252649,-3.4687624576222156,-0.40263070113384286
615,11.866211200005301,-3.2377510337993516,-0.39621335150378123
616,11.94798481988633,-3.004672818089496,-0.3897765874987707
617,12.025174500761311,-2.7696169818658953,-0.38332072451896115
618,12.09773381397466,-2.5326737978298923,-0.37684607890034616
619,12.165618111141788,-2.2939346054015743,-0.37035296789926475
620,12.22878454825791,-2.0534917755590367,-0.3638417096768584
621,12.28719210911132,-1.8114386751398697,-0.35731262328347646
622,12.340801627989354,-1.5678696306183408,-0.35076602864304496
623,12.389575811665296,-1.322879891372708,-0.3442022465373931
624,12.433479260655009,-1.0765655924567714,-0.33762159859052915
625,12.472478489732259,-0.8290237168900085,-0.3310244072528874
626,12.506541947691895,-0.5803520574814932,-0.3244109957855226
627,12.535640036350522,-0.33064917820229256,-0.3177816882442726
628,12.559745128774464,-0.08001437512171082,-0.3111368094638822
629,12.578831586725187,0.17145236307703277,-0.3044766850420804
630,12.59287577731266,0.42365039498632234,-0.29780164132363307
631,12.601856088847395,0.6764784667525254,-0.29111200538434584
632,12.605752945882312,0.929834752727313,-0.28440810501504055
633,12.604548823435808,1.1836168964758031,-0.27769026870549557
634,12.598228260387833,1.437722052124586,-0.2709588256283451
635,12.586777872041015,1.692046926033266,-0.26421410562295233
636,12.570186361839278,1.9464878187725292,-0.25745643917924954
637,12.548444532236735,2.2009406673915617,-0.2506861574215397
638,12.521545294709936,2.455301087957945,-0.24390359209227336
639,12.48948367890696,2.709464418352205,-0.23710907553579633
640,12.452256840927173,2.9633257612996986,-0.23030294068205867
641,12.409864070725755,3.2167800276223484,-0.22348552103030817
642,12.362306798637636,3.4697219796919834,-0.21665715063274282
643,12.309588601015664,3.7220462750676817,-0.20981816407814502
644,12.251715204978249,3.9736475102989206,-0.20296889647548932
645,12.188694492262202,4.22442026487624,-0.19610968343751606
646,12.120536502176655,4.474259145311463,-0.18924086106429347
647,12.047253433654529,4.723058829328636,-0.1823627659267426
648,11.968859646398286,4.9707141101474255,-0.17547573505014813
649,11.885371661117027,5.217119940840571,-0.1685801058976468
650,11.796808158852551,5.462171478746332,-0.1616762163536865
651,11.703189979392212,5.705764129917544,-0.15476440470747266
652,11.604540118766844,5.947793593588369,-0.14784500963639474
653,11.500883725832493,6.188155906639824,-0.1409183701894259
654,11.392248097934884,6.426747488045492,-0.13398482577051232
655,11.278662675656205,6.663465183278117,-0.1270447161219449
656,11.160159036644009,6.898206308658294,-0.12009838130770614
657,11.036770888522327,7.130868695626508,-0.11314616169681382
658,10.908534060885827,7.361350734919086,-0.106188397946637
659,10.775486496377875,7.589551420629422,-0.09922543098620638
660,10.637668240853937,7.815370394135364,-0.09225760199951166
661,10.495121432632212,8.038707987873673,-0.08528525240877725
662,10.347890290833472,8.25946526894292,-0.07830872385773982
663,10.196021102812953,8.477544082515465,-0.07132835819490162
664,10.039562210687153,8.692847095039836,-0.06434449745678256
665,9.878563996958805,8.905277837214811,-0.05735748385116325
666,9.71307886924402,9.114740746716022,-0.050367659740311495
667,9.543161244105576,9.321141210656627,-0.043375367624209286
668,9.368867529996965,9.524385607763296,-0.036380950123773056
669,9.190256109322195,9.724381350248768,-0.02938474996405997
670,9.007387319616472,9.921036925362811,-0.022387109957477145
671,8.820323433853744,10.114261936602716,-0.01538837298698657
672,8.629128639887094,10.30396714456526,-0.008388881989297698
673,8.433869019028291,10.490064507422,-0.0013889799380707127
674,8.234612523773702,10.672467220999525,0.005610990172895328
675,8.031428954683543,10.851089758446882,0.012610685346466447
676,7.824389936422186,11.025847909472326,0.019609762598977887
677,7.613568892967624,11.196658819131526,0.026607878977046445
678,7.399041021998159,11.363441026149978,0.033604691574368024
679,7.180883268465445,11.52611450076187,0.040599857548526186
680,6.959174297362806,11.684600682048357,0.0475930341377887
681,6.733994465698139,11.83882251475825,0.054583878677900134
682,6.505425793681591,11.988704485594024,0.061572048618877655
683,6.27355193513794,12.134172658946591,0.06855720154179326
684,6.038458147154288,12.275154712062331,0.07553899517554956
685,5.800231258974096,12.411579969625938,0.08251708741365633
686,5.558959640148472,12.543379437743258,0.08949113633099098
687,5.314733167956717,12.670485837307929,0.09646080020055019
688,5.067643194107891,12.792833636736308,0.10342573751019973
689,4.817782510735181,12.910359084055493,0.110385606979405
690,4.56524531569687,13.023000238328637,0.11734006757595546
691,4.310127177195283,13.130697000403389,0.12428877853267156
692,4.052524997728125,13.23339114296818,0.13123139936410763
693,3.792536977385335,13.33102633990215,0.1381675898832329
694,3.5302625765050837,13.42354819490464,0.14509701021809804
695,3.2658024777035646,13.51090426939016,0.15201932082849393
696,2.999258547292663,13.593044109635334,0.15893418252258656
697,2.7307337961004006,13.669919273164531,0.16584125647353473
698,2.4603323397092964,13.741483354361005,0.17274020423609773
699,2.188159358127632,13.807692009290996,0.17963068776321642
700,1.9143210549096705,13.868502979728184,0.18651236942257488
701,1.638924615740489,13.923876116366445,0.19338491201315047
702,1.3620781665013553,13.973773401209149,0.20024797878172956
703,1.083890730832492,14.01815896912342,0.20710123343941458
704,0.8044721872095303,14.05699912854825,0.21394434017809938
705,0.5239332255506524,14.090262381345639,0.22077696368692118
706,0.2423853033716987,14.11791944178424,0.22759876916869692
707,-0.040059398493781886,14.139943254645413,0.2344094223563212
708,-0.3232880205914689,14.15630901244184,0.24120858952915133
709,-0.6071870699426081,14.166994171739272,0.24799593752935717
710,-0.891642465521961,14.171978468572336,0.25477113377824295
711,-1.1765395840986623,14.17124393294565,0.261533846292549
712,-1.461763306421944,14.16477490241191,0.268283743700716
713,-1.7471980637329914,14.152558034718941,0.27502049525911987
714,-2.032727884584014,14.134582319518131,0.28174377086828295
715,-2.3182364419459462,14.110839089126975,0.2884532410890465
716,-2.6036071005851658,14.081322028338906,0.2951485771587104
717,-2.8887229646901744,14.046027183273981,0.30182945100714864
718,-3.173466925729015,14.004952969264268,0.3084955352728776
719,-3.4577217105173803,13.958100177768348,0.3151465033191029
720,-3.741369929478059,13.905471982309601,0.3217820292497218
721,-4.02429412507176,13.847073943433426,0.32840178792528985
722,-4.3063768203792225,13.782914012678905,0.33500545497895795
723,-4.587500567814912,13.713002535560832,0.34159270683236015
724,-4.867547997951665,13.637352253558486,0.3481632207114745
725,-5.1464018684362225,13.555978305107903,0.3547166746624363
726,-5.423945112975527,13.468898225594732,0.3612527475673116
727,-5.700060890372906,13.376131946345371,0.3677711191598367
728,-5.974632633593964,13.277701792614337,0.3742714700411085
729,-6.247544098841557,13.173632480566248,0.3807534816952328
730,-6.518679414619077,13.063951113251361,0.3872168365049364
731,-6.787923130761789,12.948687175573786,0.39366121776712754
732,-7.055160267415041,12.827872528252225,0.4000863097084122
733,-7.320276363938899,12.701541400773273,0.4064917975005724
734,-7.583157527718654,12.56973038333774,0.4128773672759864
735,-7.843690482860029,12.432478417801132,0.4192427061430136
736,-8.101762618748726,12.28982678760957,0.42558750220132396
737,-8.357262038453431,12.141819106732946,0.4319114445571785
738,-8.610077606951505,11.98850130759772,0.43821422333866866
739,-8.860098999156989,11.829921628021772,0.4444955297108936
740,-9.107216747729868,11.666130597154682,0.45075505589109877
741,-9.3513222906462,11.497181020426856,0.4569924951637545
742,-9.592308018508776,11.32312796351133,0.46320754189558283
743,-9.830067321577387,11.144028735302882,0.46939989155053824
744,-10.064494636498658,10.959942869919065,0.47556924070472734
745,-10.295485492714974,10.770932107728443,0.48171528706127453
746,-10.522936558532205,10.577060375411799,0.4878377294651387
747,-10.746745686826335,10.378393765062084,0.49393626791786793
748,-10.966811960368645,10.175000512329976,0.5000106035922967
749,-11.183035736749666,9.966950973621765,0.5060604388471938
750,-11.39531869288232,9.754317602356753,0.5120854772418407
751,-11.603563869064176,9.537174924292223,0.5180854235505623
752,-11.807675712579659,9.31559951192388,0.5240599837771909
753,-12.007560120822658,9.089669957970386,0.5300088651694691
754,-12.20312448392034,8.859466847951063,0.5359317762334005
755,-12.39427772683929,8.625072731865828,0.5418284267475265
756,-12.58093035095486,8.38657209498749,0.5476985277771527
757,-12.76299447506514,8.144051327776413,0.5535417916885036
758,-12.94038387583125,7.897598694927883,0.5593579321628154
759,-13.113014027625338,7.6473043035635175,0.5651466642103692
760,-13.280802141768417,7.393260070577755,0.5709077041844536
761,-13.443667205140143,7.13555968915119,0.5766407697952612
762,-13.60153001814278,6.87429859444299,0.582345580123725
763,-13.75431323200218,6.609573928474492,0.5880218556352808
764,-13.901941385388332,6.341484504217225,0.5936693181935628
765,-14.044340940338687,6.070130768898365,0.5992876910740373
766,-14.18144031746772,5.795614766536941,0.6048766989775558
767,-14.313169930446065,5.518040099725137,0.6104360680438499
768,-14.439462219733294,5.237511890668587,0.6159655258649483
769,-14.560251685548433,4.954136741500381,0.6214648014985231
770,-14.675474920062577,4.668022693883815,0.6269336254811696
771,-14.785070638798492,4.379279187918797,0.6323717298416056
772,-14.888979711222053,4.088017020367956,0.6377788481138061
773,-14.987145190510912,3.794348302218144,0.6431547153500585
774,-15.079512342486149,3.498386415593321,0.6484990681339424
775,-15.166028673692706,3.2002459700358474,0.6538116445932415
776,-15.246643958614975,2.900042758172622,0.6590921844127726
777,-15.321310266014208,2.597893710783337,0.6643404288471401
778,-15.389981984374614,2.293916851288388,0.6695561207334172
779,-15.452615846445571,1.9882312496737502,0.6747390045037459
780,-15.509170952867521,1.6809569758712999,0.6798888261978571
781,-15.559608794869602,1.3722150526125885,0.6850053334755194
782,-15.603893276027447,1.062127407774327,0.6900882756288986
783,-15.641990733069836,0.7508168262348608,0.6951374035948471
784,-15.67386995572336,0.43840690126022797,0.7001524699671051
785,-15.699502205584638,0.1250219854391884,0.7051332290084228
786,-15.718861234009918,-0.1892128588131652,0.7100794366626049
787,-15.731923299012426,-0.5041719091639271,0.7149908505664647
788,-15.738667181158073,-0.8197288336625855,0.7198672300617043
789,-15.739074198450647,-1.135756741413042,0.7247083362067046
790,-15.73312822019796,-1.45212823359737,0.729513931788232
791,-15.720815679850858,-1.7687154548302655,0.7342837813330652
792,-15.70212558680739,-2.0853901448239105,0.7390176511195313
793,-15.677049537174868,-2.4020236903422307,0.7437153091889569
794,-15.645581723482982,-2.718487177423373,0.7483765253570369
795,-15.607718943341514,-3.034651443849611,0.7530010712251126
796,-15.563460607036667,-3.3503871318428144,0.7575887201913603
797,-15.512808744060502,-3.665564740964221,0.7621392474618999
798,-15.45576800856821,-3.9800546811971653,0.7666524300618043
799,-15.392345683758705,-4.293727326190466,0.7711280468460299
800,-15.322551685174155,-4.606453066641045,0.7755658785102502
801,-15.246398562914703,-4.91810236379363,0.7799657076016004
802,-15.16390150276503,-5.228545803035529,0.7843273185293367
803,-15.075078326229796,-5.537654147564355,0.788650497575395
804,-14.979949489475628,-5.84529839210617,0.7929350329048676
805,-14.878538081177387,-6.151349816662547,0.7971807145763813
806,-14.770869819267528,-6.455680040263125,0.8013873345523825
807,-14.656973046587146,-6.758161074702049,0.8055546867093347
808,-14.53687872543824,-7.058665378235539,0.8096825668478165
809,-14.410620431036977,-7.357065909218135,0.8137707727025258
810,-14.278234343868176,-7.653236179655203,0.8178191039521945
811,-14.13975924094199,-7.947050308648842,0.8218273622294018
812,-13.995236485953527,-8.238383075715479,0.8257953511302929
813,-13.844710018347675,-8.52710997395152,0.8297228762242063
814,-13.688226341290669,-8.813107263025689,0.8336097450631982
815,-13.52583450855161,-9.096252021974454,0.8374557671914736
816,-13.35758611029632,-9.376422201779253,0.8412607541547168
817,-13.183535257797697,-9.653496677702075,0.8450245195093284
818,-13.003738567065925,-9.927355301358071,0.8487468788315595
819,-12.818255141403558,-10.197878952501899,0.8524276497265474
820,-12.627146552889975,-10.464949590506336,0.8560666518372548
821,-12.430476822800744,-10.728450305510739,0.8596637068533072
822,-12.22831240096763,-10.988265369217345,0.8632186385197272
823,-12.02072214408553,-11.244280285313586,0.8667312726455753
824,-11.807777292973256,-11.49638183949825,0.8702014371124823
825,-11.589551448794774,-11.74445814909053,0.8736289618830829
826,-11.366120548249295,-11.988398712199437,0.87701367900935
827,-11.137562837737716,-12.22809445643285,0.8803554226408208
828,-10.903958846514135,-12.463437787124631,0.8836540290327263
829,-10.665391358831396,-12.694322635058732,0.8869093365540137
830,-10.421945385090051,-12.920644503669315,0.8901211856952652
831,-10.173708132000542,-13.1423005156961,0.893289419076516
832,-9.920768971768885,-13.359189459274383,0.8964138814549637
833,-9.663219410316774,-13.571211833439088,0.8994944197325774
834,-9.401153054546592,-13.77826989302319,0.9025308829635981
835,-9.134665578663734,-13.98026769292977,0.9055231223619342
836,-8.863854689567583,-14.1771111317585,0.9084709913084544
837,-8.588820091323736,-14.368707994766742,0.9113743453581705
838,-8.30966344873028,-14.554967996146056,0.9142330422473142
839,-8.026488349991205,-14.735802820594998,0.9170469419003102
840,-7.739400268510891,-14.911126164169277,0.9198159064366391
841,-7.448506523822898,-15.080853774391148,0.9225398001775917
842,-7.1539162416684245,-15.244903489599162,0.9252184896529204
843,-6.855740313238471,-15.403195277520727,0.9278518436073764
844,-6.5540913535951555,-15.555651273049586,0.930439733007143
845,-6.249083659287625,-15.702195815210825,0.9329820310461577
846,-5.9408331651784865,-15.84275548329631,0.9354786131523247
847,-5.6294574004969835,-15.977259132153726,0.9379293569936209
848,-5.3150754441354815,-16.105637926612783,0.9403341424840879
849,-4.997807879206559,-16.227825375032257,0.942692851789718
850,-4.677776746877147,-16.343757361952466,0.9450053693342275
851,-4.355105499498515,-16.45337217983711,0.9472715818047188
852,-4.029918953049178,-16.556610559889815,0.9494913781572347
853,-3.70234323890941,-16.653415701930392,0.9516646496221983
854,-3.372505754985878,-16.74373330331641,0.953791289709742
855,-3.0405351162052776,-16.827511586896104,0.9558711942149274
856,-2.7065611043965334,-16.904701327978792,0.9579042612228501
857,-2.370714617580207,-16.975255880309774,0.959890391113633
858,-2.0331276186860854,-17.039131201036508,0.9618294865673093
859,-1.693933083718152,-17.096285874653745,0.9637214525685892
860,-1.3532649493876505,-17.14668113591545,0.9655661964115176
861,-1.011258060234793,-17.19028089170186,0.9673636277040155
862,-0.6680481152599924,-17.227051741830277,0.9691136583723087
863,-0.32377161408573524,-17.25696299879884,0.970816202665245
864,0.021434197329608034,-17.27998670645278,0.9724711771584944
865,0.36743138140407605,-17.29609765756309,0.9740785007586379
866,0.714081364049624,-17.305273410308114,0.975638094707141
867,1.0612449901715948,-17.307494303648802,0.9771498825842119
868,1.4087825795288458,-17.302743471589007,0.9786137903125472
869,1.7565539829317391,-17.29100685631252,0.9800297461609615
870,2.1044186387554498,-17.272273220189017,0.9813976807479009
871,2.452235629745863,-17.246534156641587,0.9827175270448446
872,2.7998637400947377,-17.213784099869,0.9839892203795885
873,3.1471615127619526,-17.17402033341611,0.9852126984394131
874,3.4939873070203236,-17.12724299758665,0.9863879012741386
875,3.840199356200538,-17.073455095692758,0.987514771299061
876,4.185655825612276,-17.012662499136283,0.9885932532977747
877,4.530214870617948,-16.944873951317312,0.9896232944248776
878,4.873734694835272,-16.87010107036585,0.9906048442085604
879,5.2160736084448285,-16.78835835069306,0.9915378545530803
880,5.557090086578683,-16.699663163358984,0.9924222797411169
881,5.896642827765699,-16.604035755254184,0.9932580764360128
882,6.234590812410304,-16.501499247092944,0.9940452036838977
883,6.570793361279353,-16.39207963021676,0.9947836229156936
884,6.905110193973742,-16.275805762206673,0.9954732979490057
885,7.237401487360173,-16.152709361303966,0.9961141949898958
886,7.567527933938802,-16.022824999638978,0.996706282634537
887,7.89535080012252,-15.886190095268429,0.9972495318707528
888,8.220731984403178,-15.742844903022155,0.9977439160794399
889,8.543534075381304,-15.592832504160318,0.9981894110358706
890,8.863620409633796,-15.436198794843348,0.9985859949108813
891,9.180855129396193,-15.272992473416585,0.9989336482719414
892,9.495103240034867,-15.103265026512624,0.9992323540841058
893,9.80623066728494,-14.927070713974672,0.9994820977108496
894,10.114104314229799,-14.744466552604681,0.9996828669147849
895,10.41859211799799,-14.555512298740643,0.9998346518582609
896,10.719563106153563,-14.360270429667802,0.9999374451038459
897,11.016887452755501,-14.158806123869288,0.9999912416146912
898,11.310436534063196,-13.951187240121486,0.9999960387547786
899,11.600082983863059,-13.737484295441094,0.9999518362890493
900,11.885700748393443,-13.51777044189017,0.9998586363834151
901,12.16716514084393,-13.292121442246618,0.999716443604653
902,12.444352895405677,-13.06061564454786,0.9995252649201803
903,12.717142220849505,-12.823333955515897,0.9992851096977148
904,12.985412853608377,-12.580359812872699,0.998995989704814
905,13.249046110341936,-12.33177915655455,0.9986579191082997
906,13.507924939959388,-12.077680398835827,0.9982709144735636
907,13.761933975078792,-11.818154393371755,0.9978349947637554
908,14.01095958290003,-11.553294403170977,0.9973501813388536
909,14.254889915469288,-11.283196067509062,0.9968164979546189
910,14.493614959313,-11.00795736779437,0.9962339707614306
911,14.72702658441943,-10.727678592398417,0.9956026283030044
912,14.955018592546384,-10.442462300463049,0.9949225015149945
913,15.17748676483344,-10.152413284697674,0.9941936237234775
914,15.394328908698208,-9.857638533179164,0.9934160306433193
915,15.60544490399498,-9.558247190169187,0.9925897603764252
916,15.810736748415778,-9.254350515962473,0.9917148534098731
917,16.010108602113288,-8.946061845780974,0.9907913526139291
918,16.203466831525674,-8.63349654772893,0.9898193032399476
919,16.390720052383585,-8.316771979824304,0.9887987529181534
920,16.57177917187977,-7.996007446122842,0.9877297516553079
921,16.746557429982598,-7.671324151950215,0.9866123518322594
922,16.914970439874136,-7.342845158260129,0.9854466082013752
923,17.076936227494713,-7.010695335134646,0.9842325778838605
924,17.2323752701757,-6.675001314444585,0.9829703203669578
925,17.381210534342735,-6.335891441687831,0.9816598975010324
926,17.523367512271925,-5.9934957270238245,0.9803013734965432
927,17.65877425788199,-5.647945795522852,0.9788948149208941
928,17.787361421545643,-5.299374836649118,0.9774402906951744
929,17.90906228390369,-4.947917552997263,0.9759378720907798
930,18.02381278866633,-4.593710108301149,0.974387632725921
931,18.131551574385526,-4.236890074736164,0.9727896485620173
932,18.232220005183706,-3.8775963795345065,0.9711439978999729
933,18.32576220042384,-3.5159692509344995,0.9694507613763403
934,18.412125063306572,-3.1521501634849014,0.9677100219593713
935,18.49125830838054,-2.7862817827254527,0.9659218649449486
936,18.56311448795216,-2.418507909265689,0.9640863779524079
937,18.62764901738215,-2.048973422282931,0.9622036509202451
938,18.684820199255764,-1.6778242224630324,0.9602737761017077
939,18.734589246414817,-1.3052071744049667,0.9582968480602759
940,18.776920303839546,-0.931270048513374,0.9562729636650278
941,18.8117804693692,-0.5561614624006018,0.9542022220858943
942,18.839139813250334,-0.1800308218228608,0.9520847247887982
943,18.8589713965026,0.1969717388274221,0.9499205755306833
944,18.871251288091994,0.5746954164479574,0.9477098803544305
945,18.87595858090218,0.9529887995487321,0.945452747583661
946,18.87307540649501,1.3316999289454035,0.9431492878174287
947,18.862586948651654,1.7106763587996896,0.9407996139248017
948,18.844481455686473,2.0897652179822996,0.9384038410393305
949,18.818750251526097,2.468813271733306,0.9359620865534066
950,18.785387745546714,2.8476669835960946,0.9334744701125122
951,18.744391441163177,3.2261725775985224,0.9309411136093542
952,18.695761943163806,3.6041761006571087,0.9283621411778952
953,18.639502963785585,3.9815234851785384,0.9257376791872679
954,18.575621327524658,4.358060611833096,0.9230678562355845
955,18.504126974677728,4.733633372474467,0.9203528031436362
956,18.425032963610505,5.10808773318021,0.9175926529484804
957,18.338355471749654,5.4812697973872355,0.9147875408969252
958,18.24411379529555,5.853025869095968,0.9119376044388994
959,18.142330347653214,6.223202516118303,0.909042983220719
960,18.033030656579918,6.591646633341991,0.9061038190782451
961,17.9162433600479,6.958205505986401,0.9031202560299325
962,17.792000200821544,7.322726872823135,0.900092440269773
963,17.660336019748726,7.685058989335452,0.8970205201601339
964,17.521288747766633,8.045050690790358,0.8939046462244855
965,17.374899396622975,8.40255145519684,0.8907449711400268
966,17.22121204831363,8.757411466124987,0.8875416497302057
967,17.06027384323904,9.109481675358582,0.8842948389571292
968,16.89213496708146,9.458613865355947,0.8810046979138768
969,16.71684863640616,9.804660711492543,0.8776713878167006
970,16.53447108299001,10.14747584405931,0.8742950719971281
971,16.345061536881488,10.486913909990738,0.8708759158939597
972,16.148682208196725,10.822830634296674,0.8674140870451595
973,15.945398267656484,11.155082881172046,0.8639097550796495
974,15.735277825870117,11.483528714758378,0.8603630917089942
975,15.518391911371909,11.808027459532221,0.8567742707189887
976,15.294814447417322,12.128439760293752,0.8531434679611444
977,15.06462222754577,12.444627641730946,0.8494708613440696
978,14.82789488991783,12.75645456753359,0.845756630824753
979,14.584714890435157,13.063785499032008,0.8420009583997481
980,14.335167474651737,13.366486953335459,0.8382040280962516
981,14.079340648486129,13.664427060945007,0.8343660259630884
982,13.817325147743722,13.957475622816933,0.830487140061596
983,13.549214406460255,14.245504166851024,0.8265675604564063
984,13.275104524076712,14.528386003780257,0.8226074792061369
985,12.9950942314572,14.80599628243732,0.8186070903539762
986,12.709284855761553,15.07821204437416,0.814566589918177
987,12.41778028418495,15.344912277810762,0.8104861758824533
988,12.120686926577392,15.605977970889738,0.8063660481862753
989,11.81811367695623,15.861292164213486,0.8022064087150769
990,11.510171873925826,16.110740002640686,0.7980074612903593
991,11.196975260017826,16.354208786320076,0.7937694116597056
992,10.878639939967766,16.591588020938143,0.789492467486701
993,10.555284337942464,16.82276946715928,0.7851768383407535
994,10.227029153734087,17.047647189236205,0.7808227356868274
995,9.893997317936984,17.266117602769178,0.7764303728750824
996,9.556313946123767,17.47807952159277,0.7719999651304171
997,9.214106292037956,17.68343420376898,0.767531729541924
998,8.867503699819766,17.882085396666767,0.7630258850522539
999,8.516637555284058,18.073939381106854,0.7584826524468842
